"DESCRIPTION","DURATION IN MS","NAME","PARENT SUITE","START TIME","STATUS","STOP TIME","SUB SUITE","SUITE","TEST CLASS","TEST METHOD"
"","19446","shouldNewsPersistAfterRelogin","","2026-10-04","passed","2026-10-04","","ru.edu.qamid.ui.NewsCreateTest","ru.edu.qamid.ui.NewsCreateTest","shouldNewsPersistAfterRelogin"
"","18897","shouldNotDisplayFutureDateNewsAfterFilter","","2026-10-04","passed","2026-10-04","","ru.edu.qamid.ui.NewsFilterTest","ru.edu.qamid.ui.NewsFilterTest","shouldNotDisplayFutureDateNewsAfterFilter"
"","7594","appExitTest","","2026-10-04","passed","2026-10-04","","ru.edu.qamid.ui.PositiveExitApp","ru.edu.qamid.ui.PositiveExitApp","appExitTest"
"","7201","shouldNavigateBackToMainFromNews","","2026-10-04","passed","2026-10-04","","ru.edu.qamid.ui.NewsNavigationTest","ru.edu.qamid.ui.NewsNavigationTest","shouldNavigateBackToMainFromNews"
"","7080","appSwitchToQuotesFromNewsPage","","2026-10-04","passed","2026-10-04","","ru.edu.qamid.ui.NewsNavigationTest","ru.edu.qamid.ui.NewsNavigationTest","appSwitchToQuotesFromNewsPage"
"","19615","shouldEditNewsTimeAndVerify","","2026-10-04","passed","2026-10-04","","ru.edu.qamid.ui.NewsEditTest","ru.edu.qamid.ui.NewsEditTest","shouldEditNewsTimeAndVerify"
"","16988","shouldDeactivateNews","","2026-10-04","passed","2026-10-04","","ru.edu.qamid.ui.NewsStatusTest","ru.edu.qamid.ui.NewsStatusTest","shouldDeactivateNews"
"","6803","openAllNewsTest","","2026-10-04","passed","2026-10-04","","ru.edu.qamid.ui.NewsNavigationTest","ru.edu.qamid.ui.NewsNavigationTest","openAllNewsTest"
"","8165","AuthOK","","2026-10-04","passed","2026-10-04","","ru.edu.qamid.ui.PositiveAuthTest","ru.edu.qamid.ui.PositiveAuthTest","AuthOK"
"","12512","shouldStayOnCreateScreenWithEmptyTitle","","2026-10-04","passed","2026-10-04","","ru.edu.qamid.ui.NewsCreateNegativeTest","ru.edu.qamid.ui.NewsCreateNegativeTest","shouldStayOnCreateScreenWithEmptyTitle"
"","11098","shouldStayOnCreateScreenWithEmptyDescription","","2026-10-04","passed","2026-10-04","","ru.edu.qamid.ui.NewsCreateNegativeTest","ru.edu.qamid.ui.NewsCreateNegativeTest","shouldStayOnCreateScreenWithEmptyDescription"
"","4451","AuthWithEmptyLogin","","2026-10-04","passed","2026-10-04","","ru.edu.qamid.ui.NegativeAuthTest","ru.edu.qamid.ui.NegativeAuthTest","AuthWithEmptyLogin"
"","17576","shouldEditNewsTitleAndVerify","","2026-10-04","passed","2026-10-04","","ru.edu.qamid.ui.NewsEditTest","ru.edu.qamid.ui.NewsEditTest","shouldEditNewsTitleAndVerify"
"","10352","shouldStayOnCreateScreenWithEmptyDate","","2026-10-04","passed","2026-10-04","","ru.edu.qamid.ui.NewsCreateNegativeTest","ru.edu.qamid.ui.NewsCreateNegativeTest","shouldStayOnCreateScreenWithEmptyDate"
"","19600","shouldSortWithSingleNewsItem","","2026-10-04","passed","2026-10-04","","ru.edu.qamid.ui.NewsSortTest","ru.edu.qamid.ui.NewsSortTest","shouldSortWithSingleNewsItem"
"","17623","shouldDisplayNewsWithSameStartEndFilterDate","","2026-10-04","passed","2026-10-04","","ru.edu.qamid.ui.NewsFilterTest","ru.edu.qamid.ui.NewsFilterTest","shouldDisplayNewsWithSameStartEndFilterDate"
"","15630","shouldCreateNewsAndVerifyItInList","","2026-10-04","passed","2026-10-04","","ru.edu.qamid.ui.NewsCreateTest","ru.edu.qamid.ui.NewsCreateTest","shouldCreateNewsAndVerifyItInList"
"","7879","shouldReturnToMainPageFromNewsSection","","2026-10-04","passed","2026-10-04","","ru.edu.qamid.ui.NewsNavigationTest","ru.edu.qamid.ui.NewsNavigationTest","shouldReturnToMainPageFromNewsSection"
"","6459","appSwitchToQuotesFromMainPage","","2026-10-04","passed","2026-10-04","","ru.edu.qamid.ui.NewsNavigationTest","ru.edu.qamid.ui.NewsNavigationTest","appSwitchToQuotesFromMainPage"
"","16911","shouldNotDeleteNewsAfterCancel","","2026-10-04","passed","2026-10-04","","ru.edu.qamid.ui.NewsDeleteTest","ru.edu.qamid.ui.NewsDeleteTest","shouldNotDeleteNewsAfterCancel"
"","17454","shouldDeleteNews","","2026-10-04","passed","2026-10-04","","ru.edu.qamid.ui.NewsDeleteTest","ru.edu.qamid.ui.NewsDeleteTest","shouldDeleteNews"
"","17146","shouldExpandAndCollapseNewsItem","","2026-10-04","passed","2026-10-04","","ru.edu.qamid.ui.NewsExpandTest","ru.edu.qamid.ui.NewsExpandTest","shouldExpandAndCollapseNewsItem"
"","11483","shouldStayOnCreateScreenWithInvalidCategory","","2026-10-04","passed","2026-10-04","","ru.edu.qamid.ui.NewsCreateNegativeTest","ru.edu.qamid.ui.NewsCreateNegativeTest","shouldStayOnCreateScreenWithInvalidCategory"
"","10280","shouldStayOnCreateScreenWithEmptyTime","","2026-10-04","passed","2026-10-04","","ru.edu.qamid.ui.NewsCreateNegativeTest","ru.edu.qamid.ui.NewsCreateNegativeTest","shouldStayOnCreateScreenWithEmptyTime"
"","6138","AuthWithWrongLogin","","2026-10-04","passed","2026-10-04","","ru.edu.qamid.ui.NegativeAuthTest","ru.edu.qamid.ui.NegativeAuthTest","AuthWithWrongLogin"
"","4902","AuthWithEmptyPassword","","2026-10-04","passed","2026-10-04","","ru.edu.qamid.ui.NegativeAuthTest","ru.edu.qamid.ui.NegativeAuthTest","AuthWithEmptyPassword"
"","27034","shouldToggleNewsSortByDate","","2026-10-04","passed","2026-10-04","","ru.edu.qamid.ui.NewsSortTest","ru.edu.qamid.ui.NewsSortTest","shouldToggleNewsSortByDate"
"","17840","shouldDisplayNewsWithinFilterRange","","2026-10-04","passed","2026-10-04","","ru.edu.qamid.ui.NewsFilterTest","ru.edu.qamid.ui.NewsFilterTest","shouldDisplayNewsWithinFilterRange"
"","18288","shouldEditNewsCategoryAndVerify","","2026-10-04","passed","2026-10-04","","ru.edu.qamid.ui.NewsEditCategoryTest","ru.edu.qamid.ui.NewsEditCategoryTest","shouldEditNewsCategoryAndVerify"
"","4955","AuthWithWrongPassword","","2026-10-04","passed","2026-10-04","","ru.edu.qamid.ui.NegativeAuthTest","ru.edu.qamid.ui.NegativeAuthTest","AuthWithWrongPassword"
"","4537","AuthWithBothFieldsEmpty","","2026-10-04","passed","2026-10-04","","ru.edu.qamid.ui.NegativeAuthTest","ru.edu.qamid.ui.NegativeAuthTest","AuthWithBothFieldsEmpty"
"","11370","shouldStayOnCreateScreenWithEmptyCategory","","2026-10-04","passed","2026-10-04","","ru.edu.qamid.ui.NewsCreateNegativeTest","ru.edu.qamid.ui.NewsCreateNegativeTest","shouldStayOnCreateScreenWithEmptyCategory"
"","7404","appOpenControlPanel","","2026-10-04","passed","2026-10-04","","ru.edu.qamid.ui.NewsNavigationTest","ru.edu.qamid.ui.NewsNavigationTest","appOpenControlPanel"
"","14762","shouldCreateNewsWithSpecialChars","","2026-10-04","passed","2026-10-04","","ru.edu.qamid.ui.NewsCreateTest","ru.edu.qamid.ui.NewsCreateTest","shouldCreateNewsWithSpecialChars"
"","27232","appFilterToDate","","2026-10-04","passed","2026-10-04","","ru.edu.qamid.ui.NewsFilterTest","ru.edu.qamid.ui.NewsFilterTest","appFilterToDate"
"","18823","shouldEditNewsDateAndVerify","","2026-10-04","passed","2026-10-04","","ru.edu.qamid.ui.NewsEditTest","ru.edu.qamid.ui.NewsEditTest","shouldEditNewsDateAndVerify"
"","11703","shouldCancelNewsCreation","","2026-10-04","passed","2026-10-04","","ru.edu.qamid.ui.NewsDeleteTest","ru.edu.qamid.ui.NewsDeleteTest","shouldCancelNewsCreation"
"","17455","shouldDeactivateAndReactivateNews","","2026-10-04","passed","2026-10-04","","ru.edu.qamid.ui.NewsStatusTest","ru.edu.qamid.ui.NewsStatusTest","shouldDeactivateAndReactivateNews"
"","18225","shouldEditNewsDescriptionAndVerify","","2026-10-04","passed","2026-10-04","","ru.edu.qamid.ui.NewsEditTest","ru.edu.qamid.ui.NewsEditTest","shouldEditNewsDescriptionAndVerify"
